amibelll,
shannonsinghhh,
frankisutton,
yourgirljasi,
alexxxxxxfaltooooo,
miahmitchll,
gabbysantos789,
ashleyyylreyyy,
ingridmullerfit,
curlyautumn,
mckinleyrayxo,
breezy.riding,
var_checker.official,
peachmangojuice777
chrissyclimbs,
chloestreatfield,
iamellebrooke,
tiffany_time,
sookylilshawty,
spencer.jennings,
oliviahallxox,
sofiiiiagomez,
katiejacksonxx,
p1impinainteasy,
physio_fitty,
strawberrytabby,
msadla1,
lynaperezxo,
iamnotorange,
lilymorgannn,
azra_liftss
